id,class_0,class_1
00eed32682bb,0.7322424,0.2677576
010ebe33f668,0.7322424,0.2677576
02fa521e1838,0.7322424,0.2677576
040e15f562a2,0.7322424,0.2677576
046e85c7cc7f,0.7322424,0.2677576
