id,class_0,class_1
00eed32682bb,0.63923043,0.36076957
010ebe33f668,0.63923043,0.36076957
02fa521e1838,0.63923043,0.36076957
040e15f562a2,0.63923043,0.36076957
046e85c7cc7f,0.63923043,0.36076957
